cid,analytical thinking,creativity,collaboration,trivia,difficulty
CS115,9,8,5,5,9
MATH135,8,8,3,9,3
ECON101,9,8,5,9,9
PSYCH101,9,8,5,9,9
MATH137,9,8,5,9,9
PD1,9,3,5,5,9
MATH115,9,5,5,5,9
CHE102,9,8,5,5,9
CS135,9,8,5,9,9
MATH136,9,8,5,5,9
STAT230,9,7,5,9,9
MATH138,9,8,5,9,9
CS246,8,8,8,9,9
MATH117,9,8,5,5,9
CS240,9,8,5,5,9
CHEM120,9,8,5,5,9
CS136,9,8,5,9,9
ECON102,8,5,5,5,3
MATH239,9,8,5,5,9
CS245,9,5,5,5,9
BIOL130,9,8,5,9,9
ECE105,9,5,5,5,9
ENGL109,8,8,7,9,3
STAT231,9,8,5,9,9
CS341,9,8,5,9,9
SPCOM223,8,8,7,5,9
CS241,9,8,5,9,9
MATH127,9,8,5,5,9
CHEM120L,9,8,5,9,9
MATH119,8,8,8,9,3
ECE140,9,8,5,5,9
MATH116,3,8,5,5,3
ECE124,9,8,5,9,9
ECE106,9,8,5,9,9
MATH237,9,8,5,9,9
CHEM123,9,8,5,9,9
CLAS104,8,8,5,9,3
PHYS111,9,5,7,3,9
MATH235,9,8,5,9,9
CS251,9,8,7,5,9
AFM101,8,3,5,5,9
BIOL130L,9,8,8,3,9
CS350,9,8,5,9,9
ECE222,3,8,5,9,9
BIOL239,9,8,7,9,9
SOC101,8,8,7,9,3
MATH118,9,8,5,9,9
PHYS121,9,8,8,9,9
ECE150,9,8,5,9,9
CHEM123L,9,5,5,5,9
COOP1,5,8,5,9,5
MATH128,9,5,5,5,9
CS116,9,8,5,9,9
CS137,8,8,5,9,9
PD11,8,5,5,5,5
AFM131,8,8,7,9,3
CS348,8,8,5,9,9
BIOL240,9,8,5,9,9
BIOL273,9,8,5,9,9
SE101,9,8,7,9,9
PHYS115,9,5,5,5,9
CO250,9,8,5,9,9
MSCI261,8,8,5,9,3
CS349,8,8,5,5,3
ENVS178,8,8,5,9,9
STAT333,8,8,5,9,3
CS145,8,8,8,9,9
CS138,9,8,5,9,9
ENVS195,9,8,5,9,9
CHEM266,9,8,8,5,9
PHYS111L,9,3,8,5,9
HRM200,8,8,5,9,9
CS370,9,8,7,9,9
WKRPT200,3,5,5,5,3
SPCOM100,8,8,8,3,3
AFM102,8,3,5,3,3
CS343,9,8,8,9,9
SCI238,9,8,5,9,9
PSYCH207,8,8,5,9,9
STAT202,9,8,5,9,9
PHIL145,9,8,7,3,9
PSYCH257,8,8,7,9,3
EARTH121,9,8,7,5,9
COOP2,5,5,5,5,5
PHYS112,9,8,5,9,9
SE212,9,8,7,9,9
MATH145,9,8,8,9,9
MUSIC140,8,8,5,9,3
CS247,8,8,5,9,5
ECE250,9,8,5,9,9
GENE123,8,8,5,9,9
MATH147,9,8,5,9,9
ARTS130,8,8,8,9,3
CHEM266L,8,8,5,5,3
BIOL240L,9,8,5,9,9
MSCI211,8,8,7,5,3
LS101,9,8,5,9,9
STAT206,9,8,5,9,9
CS100,8,8,5,9,3
ENVS200,9,8,5,9,9
CS136L,3,5,5,5,3
ECE190,8,7,7,9,9
ECE240,9,8,5,9,9
FR151,9,5,5,5,9
PSYCH211,9,8,8,9,9
HLTH101,8,8,7,9,9
ECE358,8,8,5,9,3
MTE100,9,8,5,5,9
ARTS140,9,8,7,9,9
ECE192,9,8,5,9,9
AMATH250,9,8,5,9,9
ENGL210F,8,8,7,5,9
SCI206,8,8,8,9,3
ECE205,9,8,5,9,9
PD20,3,7,5,9,3
PLAN100,8,8,8,9,3
ARBUS101,9,8,7,5,9
ECE100A,8,3,5,5,3
WKRPT300,8,5,5,5,3
PHYS112L,9,3,8,5,9
PSYCH253,9,8,7,9,9
ENGL119,9,8,5,9,9
ACTSC231,9,8,5,5,9
CS146,9,8,5,9,9
MTE111,9,8,7,9,9
STAT330,9,8,5,9,9
ECE103,9,8,5,9,9
ECON201,9,8,7,9,9
JAPAN101R,9,8,5,9,9
ECE198,9,8,7,5,9
MTE140,3,8,5,5,9
CS486,8,8,5,9,3
BIOL150,9,8,7,9,9
BUS111W,9,8,7,9,9
PD8,8,3,5,9,3
CS330,9,3,5,5,9
ECE207,8,5,5,5,5
PSYCH261,9,8,5,5,9
CHEM237,9,8,7,9,9
ENVS278,9,8,5,9,9
GENE121,8,8,5,5,3
MTE120,9,8,5,9,9
BET100,9,8,5,5,9
ENGL108D,9,8,7,9,9
GEOG181,9,8,5,9,9
ME100,9,8,8,9,9
PD10,8,7,5,9,3
SPAN101,9,8,7,5,9
ECE155,5,3,5,5,9
INTST101,3,8,7,9,9
COOP3,5,5,5,5,5
SYDE182,9,8,5,5,9
STAT331,8,8,5,9,9
AFM121,9,8,8,5,9
SE350,8,8,7,9,3
ECE224,9,8,5,9,9
FR192A,9,8,7,5,9
MATH146,9,8,5,9,9
MTHEL199,3,5,5,5,3
BIOL373,9,8,5,9,9
CS456,9,8,5,9,9
CS458,9,8,5,9,9
MTE119,9,8,5,9,9
AFM231,9,8,7,9,9
BIOL308,9,8,5,9,9
PLAN102,9,3,5,5,9
MATH148,9,8,5,5,9
EARTH122,8,8,7,9,3
ARBUS200,9,8,7,9,9
ENGL193,8,8,7,9,3
MTHEL131,9,3,5,5,9
STAT441,8,8,7,9,9
SYDE111,9,8,8,9,9
SYDE113,9,8,8,9,9
ECE108,9,8,5,9,9
PD19,8,8,5,3,9
ECE100B,8,3,5,5,9
PLAN105,9,8,5,9,9
ARBUS202,9,8,8,9,9
PLAN104,8,8,7,9,9
BIOL359,9,7,5,9,9
MATH109,9,8,5,5,9
PD5,9,5,5,3,9
WKRPT400,5,5,5,5,5
BIOL241,9,8,7,3,9
KIN100,9,8,5,9,9
ARBUS102,9,3,7,3,9
ECE380,9,3,5,5,9
PHYS124,9,8,5,9,9
CS488,9,8,5,9,9
GENE119,5,5,5,5,9
KIN217,9,8,8,9,9
AFM291,9,5,5,5,9
ME115,3,8,5,9,9
MUSIC246,8,8,5,9,5
SE465,9,8,5,9,9
CS234,9,8,5,5,9
CS241E,9,8,5,9,9
ECE318,9,8,5,9,9
FINE130,9,8,8,9,9
GEOG102,8,8,7,5,9
KIN100L,3,8,8,9,9
FR192B,3,8,5,5,9
PHYS234,9,8,5,9,9
SE380,9,8,5,9,9
MATH227,8,8,5,9,3
ME351,9,8,8,9,9
CHEM140,9,8,5,9,9
PLAN110,9,8,5,9,9
MATH215,8,8,5,9,3
ME219,8,8,5,5,3
PHIL226,8,8,8,9,9
COMMST223,8,8,7,5,5
AFM132,8,8,7,9,3
SYDE252,9,8,5,9,9
PHYS121L,8,8,7,9,3
SE463,8,8,8,9,5
STAT211,3,5,5,5,9
SYDE101L,9,8,7,5,9
ANTH100,3,8,5,5,3
CS444,8,8,7,9,9
ECE242,9,8,5,9,9
SYDE161,8,8,7,9,3
CO487,9,8,5,9,9
REC100,9,8,7,9,9
AFM191,9,7,5,9,9
AFM111,9,8,5,3,9
MATH114,8,8,7,9,9
PD12,9,5,5,3,9
SE102,5,8,5,9,5
BIOL309,8,8,8,9,9
ECE204,9,8,5,9,9
MATH249,9,8,5,9,9
ENGL101B,8,8,7,9,9
GEOG281,9,8,5,9,9
HLTH102,8,8,5,9,3
HLTH245,8,8,8,3,9
SYDE181,8,8,5,5,9
MATH228,9,5,8,5,9
SPCOM193,9,8,7,9,9
STAT341,8,8,5,9,9
SYDE121,9,8,5,5,9
KOREA101R,9,7,5,5,9
SYDE112,9,8,5,9,9
WKRPT200M,5,5,5,5,5
ARTS190,9,8,5,5,9
BIOL165,8,8,7,9,3
BUS121W,8,8,7,3,3
CHEM267,9,8,5,9,9
EARTH121L,9,8,5,9,9
PSYCH291,9,8,5,9,9
SYDE101,9,8,5,9,9
ACTSC371,8,8,5,9,3
ECE200A,3,8,5,5,9
EMLS101R,8,3,5,5,3
GER101,9,8,7,5,9
SE464,8,7,7,9,3
SYDE351,9,8,5,9,9
BIOL303,9,8,5,9,9
PHYS175,9,8,5,9,9
SYDE114,9,8,5,9,9
CS338,9,8,8,5,9
ME101,9,8,7,5,9
MTE202,9,8,5,9,9
HLTH201,9,8,7,9,9
KIN104,9,8,7,9,9
ECE327,9,8,5,9,9
MTE201,8,3,5,5,3
BIOL120,9,8,5,9,9
CHEM237L,9,8,3,9,9
FR152,9,5,5,5,9
ME230,9,8,8,9,9
ME321,8,8,5,9,3
PHYS256,9,8,5,9,9
STAT332,9,8,5,9,9
CIVE104,9,8,5,5,9
ECE316,9,5,5,5,9
ECE457A,8,8,7,9,3
MATH245,8,8,8,9,9
PD21,8,5,5,5,3
COOP4,8,7,5,3,5
ERS215,8,8,7,9,3
MTE219,8,8,8,9,5
SE390,3,8,8,5,9
ECE351,9,8,5,9,9
FINE100,8,8,5,9,3
ME202,9,5,5,5,9
ME269,9,8,5,9,9
PHIL215,9,8,5,9,9
PHYS131L,8,8,5,5,3
ECE200B,3,8,5,5,3
ENGL306A,9,8,5,9,9
MATH106,9,5,5,5,9
ME201,8,8,5,9,9
MTE262,3,8,5,5,9
REC280,9,8,5,9,9
SDS150R,8,8,8,9,9
CS230,9,8,8,9,9
CS454,8,8,5,9,3
GBDA101,8,8,7,9,3
MATH247,9,8,5,9,9
SMF101,8,8,5,9,3
SPCOM225,9,8,5,9,9
CS246E,9,8,5,9,9
CS466,9,8,5,9,9
ECE254,3,8,5,9,9
PD7,8,8,5,5,3
STV202,3,8,7,9,9
SYDE211,9,8,5,9,9
AFM112,9,8,8,5,9
AFM123,9,8,7,5,9
AFM241,9,8,7,9,9
CHEM220,9,8,5,5,9
EARTH123,8,8,8,9,3
ECON202,9,8,5,9,9
MATH124,9,8,5,5,9
PHYS263,8,8,5,9,9
SDS131R,9,8,7,9,9
SOCWK120R,8,8,7,5,3
CIVE121,9,5,5,5,9
ECE356,8,8,7,5,3
ECON344,8,7,8,9,3
MSCI311,9,8,5,9,9
PMATH347,9,8,7,9,9
ARBUS100,8,3,5,5,3
CHE100,3,8,5,5,3
PD13,8,8,5,9,3
CHEM264,9,8,5,5,9
PSCI150,9,8,7,9,9
SYDE223,9,8,5,9,9
MTE121,8,8,7,5,3
EMLS129R,8,8,5,9,3
ME250,9,8,7,3,9
ECE109,3,3,5,5,3
SYDE192L,3,7,5,5,9
MTE380,3,8,7,5,9
PACS202,9,8,7,9,9
SYDE162,9,7,7,3,9
CHEM267L,9,5,5,5,9
CIVE115,9,8,5,9,9
NE121,3,5,5,5,9
SE201,5,5,5,5,5
SYDE192,8,8,5,5,9
AFM391,3,5,5,5,9
CS360,9,8,7,9,9
MUSIC100,9,8,5,9,9
NE100,9,8,5,5,9
PD6,8,8,5,9,3
PHYS125,9,8,5,9,9
PSYCH292,9,3,5,5,9
ACTSC372,9,8,5,9,9
AVIA100,8,8,5,5,9
HLTH260,9,8,7,9,9
MTE220,9,8,5,5,9
NE112,9,8,5,9,9
CS114,9,8,5,5,9
CS485,9,8,5,9,9
ECE484,9,8,8,9,9
CS105,9,3,5,5,9
ECE300A,5,7,7,5,5
ENVS201,9,8,8,9,9
PMATH340,8,8,5,9,9
AFM273,9,8,5,9,9
AMATH231,9,8,5,9,9
ECE252,8,8,5,9,9
ECE454,9,8,5,9,9
HLTH204,9,8,8,5,9
KIN121,9,8,7,5,9
MTE241,9,8,7,9,9
PLAN210,8,8,5,9,3
AFM341,9,8,5,5,9
CHINA101R,9,8,5,5,9
CIVE105,9,8,5,9,9
GEOG207,9,8,7,9,9
PHYS242,9,8,5,9,9
CS492,9,8,7,5,9
MTE360,9,8,7,9,9
JAPAN102R,9,8,8,5,9
PMATH351,9,8,5,9,9
ECON206,9,8,5,9,9
ECON371,9,7,5,9,9
ME262,8,8,5,9,3
MTE204,8,3,5,5,3
SMF204,8,8,7,9,3
STAT443,8,8,5,9,3
ARBUS300,8,7,7,5,3
CHINA120R,9,8,5,5,9
ITAL101,9,5,7,5,9
PHYS358,9,7,5,9,9
SE490,8,8,7,5,3
COMM101,9,8,5,9,9
ECE298,8,8,7,9,3
ENGL140R,8,3,7,5,3
INDEV100,9,8,5,9,9
INTEG120,9,8,8,9,9
MTE322,9,7,5,5,9
MUSIC270,9,8,5,9,9
PHYS275,9,8,5,9,9
PSCI231,9,8,5,9,9
PSYCH238,9,8,7,9,9
STAT240,9,8,7,5,9
WKRPT300M,5,5,5,5,9
CIVE100,3,8,5,5,3
ECE300B,5,5,5,5,5
ECE498A,5,7,7,5,5
GEOG203,9,8,5,9,9
MTE203,9,8,5,9,9
PHYS256L,9,8,5,9,9
SYDE285,8,8,5,9,3
ECE208,8,8,5,9,5
KIN221,9,8,5,9,9
AFM272,9,8,5,9,9
AFM274,9,8,5,9,9
CHEM209,9,8,5,5,9
GBDA103,8,8,5,9,3
MSCI100,9,8,7,9,9
NE113,8,5,5,5,3
PHIL110B,9,8,5,9,9
EARTH122L,8,8,8,9,9
ECE203,9,8,5,9,9
EMLS102R,3,3,7,5,9
NE131,8,8,5,9,3
PHYS10,5,8,5,9,5
WKRPT100,3,5,5,5,3
AFM202,9,8,5,5,9
BIOL301,9,8,5,9,9
HLTH230,9,8,7,9,9
MATH104,9,8,5,5,9
ME203,9,8,7,9,9
ME340,9,8,5,9,9
ME354,9,8,5,9,9
MUSIC116,5,8,5,5,5
COMMST100,9,8,7,9,9
BIOL211,9,8,5,9,9
CHEM220L,3,8,5,5,9
CIVE153,8,8,7,9,3
CO342,9,8,5,9,9
CO351,9,8,5,9,9
KIN146,9,8,5,9,9
PHYS249,8,8,5,5,3
BIOL273L,8,8,5,9,3
BIOL302,8,8,5,5,3
BIOL355,9,8,5,9,9
COOP5,5,5,5,5,9
CS480,9,8,5,9,9
ENBUS102,9,8,5,9,9
ENGL108A,8,8,8,9,9
ME220,9,8,5,9,9
ME303,9,8,8,9,9
STAT241,8,8,5,5,9
AFM113,9,5,5,5,9
ACTSC232,9,8,5,9,9
CS449,8,8,7,5,3
ME212,9,8,5,9,9
ECON120W,3,3,5,3,9
BIOL373L,9,8,7,9,9
BME121,8,8,5,9,9
CHEM212,9,8,8,9,9
CHEM254,9,8,5,9,9
ENGL108P,9,8,7,9,9
ENVS131,8,8,7,9,3
GEOG271,9,8,5,9,9
NE125,9,8,5,9,9
SCBUS123,8,5,7,5,3
SYDE212,9,8,5,5,9
CS371,8,8,5,9,3
ECE204A,3,8,5,9,9
JAPAN201R,8,8,7,9,3
MTE320,8,5,5,5,3
NE109,8,8,5,9,3
PHYS236,9,8,5,9,9
SPAN102,9,8,7,5,9
SYDE262,9,3,5,5,9
BIOL266,9,8,5,9,9
BIOL354,9,8,8,9,9
CHE161,9,8,5,9,9
HLTH333,9,8,7,9,9
MSCI331,8,8,7,9,9
RS121,9,8,5,9,9
SOC229,8,8,5,9,3
STAT340,9,8,5,9,9
AFM481,9,3,5,5,9
BIOL361,9,8,8,9,9
BME181,9,8,5,9,9
FR101,9,5,5,5,9
HLTH202,8,8,5,9,3
KIN101,8,8,5,5,3
ME123,9,8,5,5,9
MTE325,8,5,5,5,3
NE111,9,8,5,9,9
AFM182,9,3,5,5,9
CS365,8,8,5,9,3
ECE206,8,8,5,9,9
ECE458,8,8,5,5,3
ECON221,9,8,5,9,9
FR251,9,5,5,5,9
MTE100B,5,5,5,5,5
SE202,5,5,5,5,5
AFM491,9,3,5,5,9
BET320,8,8,8,9,3
CHE101,8,8,8,9,9
EARTH270,9,8,5,9,9
ECON220,8,8,7,9,3
GEOG202,9,8,5,9,9
HIST105,8,8,5,9,3
HIST200,8,8,7,9,3
PLAN233,9,8,7,9,9
PSYCH101R,8,8,5,9,3
CHEM265L,9,8,5,5,9
ECE209,5,7,5,9,5
ECE459,9,8,5,9,9
GEOG209,9,8,5,9,9
KIN255,8,8,5,9,5
PMATH333,9,8,7,9,9
BME101L,9,8,7,9,9
CO255,9,8,5,9,9
CS245E,9,8,5,9,9
GBDA102,8,5,8,5,3
KIN104L,8,8,5,5,3
PHIL101,9,8,7,9,9
PHIL110A,9,8,5,9,9
PHIL121,8,8,7,9,3
PMATH330,9,8,5,9,9
PSYCH391,9,5,5,5,9
CHEM265,3,8,5,9,9
ENVE100,8,8,5,9,3
KIN155,9,8,5,9,9
KIN222,8,3,5,5,3
KIN354,9,8,5,9,9
LS202,9,8,8,9,9
PD22,9,8,5,9,9
PHIL256,9,8,5,9,9
PHYS175L,9,8,5,9,9
PSYCH338,5,8,5,9,9
REC101,8,8,7,9,3
STAT371,8,8,5,9,3
SYDE286,9,8,5,9,9
GEOG219,8,8,7,5,3
ACTSC221,8,5,5,5,3
AFM362,9,8,5,9,9
BET350,9,8,7,9,9
BME161,9,8,7,9,9
CO370,9,8,8,9,9
CS442,9,8,5,9,9
ECON211,9,5,5,5,9
ECON231,8,8,5,9,9
GEOG222,8,7,5,9,3
HLTH341,9,8,7,9,9
MATH103,8,8,5,5,9
ME322,8,8,5,9,3
ME353,9,8,5,9,9
MSCI121,8,8,7,9,9
VCULT100,9,8,7,9,9
AFM211,9,8,8,5,9
BIOL439,9,8,7,5,9
BME101,9,8,7,9,9
CLAS100,9,7,7,9,9
CS200,8,8,8,9,9
CS446,9,8,7,9,9
ECE375,5,8,5,9,9
ENGL101A,9,8,7,9,9
GEOG381,8,8,5,9,9
KIN105,9,8,5,9,9
MSCI131,8,8,5,9,3
NE102,8,5,5,5,3
STV205,9,8,7,9,9
AFM372,5,5,5,5,5
ANTH102,8,8,5,9,3
CIVE204,8,8,5,5,3
CO456,9,8,7,9,9
CS445,9,8,7,9,9
ENBUS204,9,8,5,9,9
ME362,9,8,5,9,9
PLAN281,8,8,5,9,3
SE301,8,5,5,5,5
SOC101R,9,8,7,9,9
SYDE311,9,8,5,9,9
BIOL201,9,8,5,9,9
CHEM121,8,8,5,9,3
AFM208,8,3,5,5,9
BIOL331,9,8,7,9,9
COMM231,8,3,5,3,5
MSCI442,8,8,7,9,3
MTE481,3,8,7,5,9
PD2,8,5,5,5,5
PLAN203,8,8,7,9,3
PMATH352,9,8,5,9,9
PSYCH253R,9,8,7,9,9
ECON140W,8,5,5,5,3
AHS150,9,5,7,5,9
AMATH351,9,8,5,9,9
BME122,9,5,5,5,9
CIVE221,5,5,5,5,9
CIVE224,9,5,5,5,9
GEOG187,9,8,5,9,9
HLTH370,9,8,5,9,9
KIN204,8,8,5,9,3
MSCI240,8,8,5,5,3
PHIL100J,9,5,7,5,9
RS110,9,8,7,9,9
BET210,9,8,7,5,9
BIOL341,9,8,5,9,9
CHEM224L,8,8,5,5,3
CIVE222,9,5,5,5,9
CS231,9,8,5,5,9
EASIA201R,8,7,7,5,3
ECE350,9,8,7,9,9
ENBUS202,8,8,5,9,3
GBDA203,8,3,8,5,9
ME380,9,8,7,5,9
NE216,8,5,5,5,9
PD3,5,5,5,5,5
PLAN261,8,8,5,3,9
SCI250,8,8,5,9,3
WKRPT400M,5,5,5,5,5
AFM201,5,5,5,5,5
AFM451,9,8,7,5,9
AMATH242,9,8,5,9,9
ARTS280,9,8,7,5,9
CHE120,3,8,5,5,3
CIVE265,8,8,5,5,3
EARTH221,9,8,5,9,9
FR203,8,8,5,9,3
GEOG225,9,8,7,9,9
HIST113,9,8,7,9,9
PLAN300,9,5,5,5,9
SYDE361,5,7,7,5,5
CHEM121L,8,8,5,5,9
AFM361,5,8,5,9,5
AFM373,9,8,5,9,9
ARBUS301,9,8,7,3,9
CHEM233,8,8,5,9,9
CS489,9,8,7,9,9
ECE331,5,7,5,9,5
ECON301,5,7,5,9,9
ENGL378,9,8,7,3,9
GBDA201,8,8,7,5,3
KIN232,8,8,7,5,9
ME360,9,8,5,9,9
PHYS334,9,8,5,5,9
PMATH348,9,8,7,9,9
PSYCH256,9,8,5,9,9
RS100,3,8,5,9,3
SE491,5,7,5,5,5
SPCOM101,9,8,7,9,9
STAT431,9,8,5,9,9
AFM206,8,7,5,9,3
AHS105,9,8,8,5,9
BIOL139,5,7,7,9,5
BME182,9,8,5,9,9
BME282,9,8,7,9,9
CIVE205,9,7,5,5,9
ECE102,8,5,5,5,5
ECE455,9,8,3,9,9
ENGL210C,9,8,7,9,9
ESL102R,3,5,5,5,3
GEOG100,9,8,8,9,9
GEOG233,9,8,5,9,9
KIN202,9,8,5,9,9
KIN340,8,8,5,5,9
MNS101,9,8,5,9,9
NE140,9,8,5,9,9
PHYS242L,9,8,5,3,9
PHYS342,9,5,5,5,9
HEALTH105,8,8,7,9,9
ACTSC331,9,8,5,9,9
AFM331,8,5,7,5,9
AFM433,9,8,7,9,9
AMATH251,8,8,5,9,5
ANTH101,8,3,5,3,5
ANTH204,8,8,5,9,3
BME162,3,7,7,9,3
CIVE280,9,5,5,5,9
CO331,9,7,8,9,9
CS451,8,8,5,9,9
ENGL208B,9,8,7,9,9
GER102,3,8,5,9,9
KOREA102R,9,8,7,9,9
ME459,8,7,5,9,3
PHYS232L,3,3,5,5,3
PMATH336,9,8,7,9,9
PMATH365,8,8,5,9,3
SYDE381,9,5,3,9,9
WKRPT201,5,7,5,5,9
ASL101R,9,8,5,9,9
ARBUS302,3,7,7,5,3
CHE121,3,7,5,5,3
CS452,9,8,5,9,9
EARTH231,8,8,5,9,3
EARTH458,9,5,5,5,9
EASIA100R,9,8,5,9,9
ERS110,8,8,7,5,3
FINE112,3,8,5,5,3
GEOG294,3,8,7,9,9
GEOG306,8,8,7,9,3
GEOG387,9,8,5,9,9
HIST110,9,8,7,9,9
KIN202L,9,8,5,5,9
ME100B,5,8,5,9,5
MTE309,8,7,5,9,5
NE241,8,3,5,5,5
PHYS363,9,8,5,9,9
PSYCH212,8,8,5,9,5
PSYCH356,9,8,5,9,9
SCBUS122,8,7,7,5,5
STAT337,8,8,5,9,9
STAT430,9,8,5,9,9
SYDE312,8,7,5,9,3
SYDE383,3,8,5,5,9
WS101,9,8,7,5,9
AMATH353,8,8,5,9,9
CHE180,8,8,5,9,5
CHINA201R,9,8,7,3,9
CIVE353,8,5,5,5,3
EARTH342,8,3,7,5,3
ENGL200A,9,8,8,9,9
ENVS220,8,8,7,9,3
GEOG201,5,8,5,9,9
JAPAN202R,9,8,7,5,9
KIN121L,9,8,7,5,9
KIN204L,8,8,5,9,5
KIN250,8,8,7,9,3
MSCI271,9,8,7,5,9
MSCI446,9,8,7,5,9
NE220L,8,5,5,5,3
SDS251R,9,8,8,9,9
AFM280,9,5,5,5,9
AFM311,9,3,8,5,9
AFM321,9,8,5,9,9
AMATH350,8,5,5,5,3
ANTH202,9,8,7,9,9
CHE200,3,5,5,5,3
ECE307,9,7,5,9,9
ECE309,9,5,5,5,9
ECE361,3,5,5,5,9
EMLS103R,9,5,5,5,9
INTEG220,9,8,7,9,9
KIN205,9,8,5,9,9
KIN343,3,8,5,9,9
KIN346,5,8,7,9,5
KIN406,9,8,5,9,9
MATH211,5,5,5,5,5
NE201,8,5,5,5,3
PACS101,8,8,5,9,3
PHIL224,9,7,5,9,9
SDS250R,9,8,7,9,9
STAT373,9,8,5,9,9
SYDE411,8,8,7,9,9
COMMST193,8,8,7,5,3
AFM212,3,5,5,5,9
BET300,5,7,5,5,5
CHE211,9,5,5,5,9
CS106,9,8,5,5,9
ECON212,9,8,5,9,9
ECON254,9,8,7,9,9
ECON290,8,8,5,9,9
ENGL108F,8,8,7,9,9
ENGL292,8,8,5,9,3
ERS102,8,8,7,9,3
FINE150,8,8,5,5,3
GEOG206,3,7,5,9,3
HLTH103,8,8,8,3,3
KIN221L,8,8,5,5,9
KIN255L,9,7,5,5,9
ME235,9,7,5,9,9
ME481,3,7,7,9,3
NE122,9,8,7,9,9
NE336,9,8,5,5,9
PD4,3,7,5,9,3
PSYCH218,8,8,5,9,3
STAT372,9,8,5,9,9
CHEM125L,8,8,5,5,3
ANTH201,9,8,5,9,9
BIOL342,8,8,5,9,9
BIOL350,9,8,7,9,9
CHE241,8,7,5,9,3
CHEM262,8,8,5,9,9
CHEM262L,3,5,5,5,3
CHEM360,9,8,5,9,9
CIVE241,8,8,5,9,5
ESL129R,5,5,5,5,5
KIN242,9,8,5,9,9
KIN407,9,8,5,9,9
LAT101,3,8,5,5,9
MATH217,3,5,5,5,9
MSCI263,9,5,5,5,9
MUSIC111,8,5,5,5,9
MUSIC117,5,7,7,5,5
PHYS225,8,8,5,9,3
PHYS364,8,8,5,9,9
SYDE352L,5,8,5,9,5
SYDE575,9,8,5,9,9
CFM101,8,8,5,9,3
AFM207,9,8,5,5,9
BME281,9,8,5,5,9
CHE230,8,5,5,5,3
ENBUS112,9,8,7,9,9
ENGL104,8,8,5,9,3
ENVS105,8,8,7,9,3
ENVS205,9,8,5,9,9
ME200A,5,5,5,5,5
NE224,3,8,5,9,5
NE225,5,8,5,9,9
PHYS280,8,8,7,5,3
PHYS359,9,8,5,9,9
SCBUS223,5,5,5,5,5
SCBUS225,3,8,5,9,9
SE401,5,5,5,5,5
HLTH205,9,8,7,9,9
CS346,9,8,7,5,9
ACTSC445,9,8,5,9,9
AFM244,8,8,5,9,5
AFM371,3,5,5,5,3
AFM482,9,8,5,5,9
AMATH271,8,8,5,9,9
AVIA101,3,5,5,5,9
AVIA203,9,5,5,5,9
BME281L,9,5,8,5,9
CHE220,3,8,5,5,9
CHINA102R,3,7,5,5,9
CIVE303,5,5,5,5,5
CIVE392,5,7,5,9,5
CS240E,9,5,5,5,9
CS476,9,5,5,5,9
ECE457B,9,8,5,9,9
ENBUS203,9,8,8,9,9
ENBUS302,5,7,7,9,9
FINE101,3,8,5,9,3
ME423,9,8,8,5,9
ME561,9,8,5,9,9
MSCI431,5,5,5,5,9
MTE544,9,8,8,9,9
NE226,5,5,5,5,5
NE242,8,8,5,9,9
PSYCH230,3,5,5,5,9
SE302,5,5,5,5,5
SOC227,9,8,5,9,9
SYDE352,5,7,5,9,5
BUS288W,8,8,7,9,3
AFM363,9,5,5,5,9
ARTS111,8,5,5,5,3
BIOL225,9,8,7,9,9
BIOL365,9,8,8,9,9
BME284,8,3,5,5,5
CHE312,9,5,5,5,9
CO380,9,8,5,9,9
GBDA228,8,5,5,5,3
GEOG309,9,8,8,9,9
HLTH220,9,8,7,9,9
HLTH344,8,7,5,5,5
INTEG221,5,8,7,9,5
KIN404,9,8,5,9,9
LS102,8,7,7,9,3
MSCI334,8,8,7,9,5
MSCI343,8,8,7,5,5
NE334,3,8,5,9,9
PHIL216,8,8,5,9,5
PMATH450,9,8,5,9,9
PSYCH339,9,8,5,9,9
REC270,8,8,5,9,3
SCI201,8,8,5,9,9
STAT444,9,8,5,9,9
SYDE522,9,8,5,9,9
WKRPT301,5,7,5,5,5
AFM205,5,7,5,5,9
AMATH332,9,8,5,9,9
BIOL140L,3,5,5,5,5
BME186,8,5,5,5,3
BME285,8,7,5,5,9
CHEM357,8,7,5,9,9
CIVE230,5,5,7,5,5
CO330,9,8,5,9,9
CO353,9,8,5,9,9
DRAMA102,3,7,5,9,5
ENGL335,9,8,7,9,9
ENVE224,3,5,5,5,3
FR197,8,8,7,9,5
GBDA204,8,8,5,9,9
GENE101,8,8,5,5,3
HLTH303,3,8,5,9,9
HLTH320,9,5,7,5,9
MSCI432,9,8,5,9,9
NE215,8,5,5,5,3
NE217,8,5,5,5,9
NE343,9,8,5,9,9
PSYCH312,9,8,7,9,9
REC120,8,8,7,9,3
SYDE372,8,8,5,9,3
BUS283W,8,5,5,5,5
BUS127W,8,5,5,5,5
CIVE123,8,8,5,9,5
HLTH380,9,8,5,9,9
ACTSC431,9,5,5,5,9
ACTSC446,9,8,5,9,9
AVIA102,8,5,5,5,3
BIOL449,9,8,8,9,9
BME252,8,8,5,9,3
CHEM250L,3,5,5,5,3
EARTH235,9,5,5,9,9
ECE429,9,8,5,9,9
ECON322,9,8,5,5,9
ENGL200B,3,5,7,5,9
ENGL251A,5,5,5,5,5
ERS211,9,8,5,9,9
FR252,9,5,7,5,9
GEOG310,8,8,5,9,9
KIN140L,5,5,5,5,5
MATH218,5,5,5,9,9
MSCI262,5,3,5,5,5
MTE200A,5,5,5,5,5
MUSIC275,8,8,5,9,3
NE232,8,8,5,5,3
NE333,9,8,5,3,9
NE340L,3,7,5,9,3
PHIL220,9,7,5,5,9
PSCI101,3,8,5,9,3
STAT334,8,8,7,5,9
STV210,8,7,7,9,5
SYDE102,5,7,5,9,5
AFM271,5,5,5,5,9
AFM333,9,8,7,9,9
AFM351,9,5,5,5,9
AFM382,8,5,5,5,3
BET430,9,8,8,9,9
BIOL351,9,8,7,9,9
BIOL473,9,8,5,9,9
CHE231,9,3,5,5,9
CHE290,5,5,5,5,5
CHEM200,3,8,7,5,3
CHEM360L,3,8,5,9,9
EARTH232,8,8,7,5,9
EARTH260,9,5,5,5,9
ECE320,9,8,5,5,9
ECE498B,5,5,5,5,5
ERS315,8,3,5,5,3
GBDA202,9,8,7,5,9
MATH225,9,8,8,9,9
MTE420,8,7,5,5,9
NE318,9,5,5,5,9
PHYS239,8,7,5,9,3
PHYS375,9,8,5,9,9
PSYCH336,8,8,5,9,9
SCBUS323,8,5,7,9,5
SI101R,8,8,5,5,3
MGMT244,8,8,7,5,3
AHS100,3,8,5,9,9
AVIA310,9,8,5,9,9
BET420,8,8,8,9,3
BIOL345,8,8,5,9,3
BME213,3,5,5,5,3
CHE181,5,8,5,5,5
CHE291,5,8,7,9,5
CHE330,9,5,5,5,9
CIVE125,3,8,5,5,3
ENVE223,8,5,5,5,5
FR297,9,8,7,9,9
GEOG165,5,8,5,5,5
HIST205,8,8,7,9,3
HLTH340,9,8,5,9,9
KIN408,8,8,5,9,3
KIN429,9,8,7,9,9
LS221,9,8,7,9,9
ME300A,5,5,5,5,5
MSCI436,8,8,5,9,5
MUSIC110,9,8,5,9,9
NE222,3,5,5,5,5
NE344,8,8,5,9,9
PHIL265,9,8,5,9,9
RUSS101,5,5,5,5,9
SDS210R,8,8,7,9,9
SOCWK220R,9,3,7,5,9
SOCWK222R,8,7,7,9,9
STAT433,9,8,5,9,9
SYDE543,8,8,5,9,3
ACTSC432,9,7,5,9,9
AFM401,9,8,5,9,9
BME285L,5,7,5,9,9
CHE322,8,7,5,5,9
CHEM101,8,5,5,5,5
EARTH238,9,8,7,9,9
EARTH458L,8,8,5,9,3
ECE452,9,8,7,5,9
ECON302,8,5,5,5,5
ECON361,8,5,7,5,5
ENVE153,3,3,5,5,5
ERS340,5,8,5,5,5
GEOG293,8,8,7,9,5
KIN330,9,8,5,9,9
KIN427,8,8,7,5,9
LS227,3,8,5,5,9
LS300,9,8,7,9,9
ME566,9,8,5,9,9
MSCI342,9,8,7,9,9
MSCI346,5,3,5,5,5
MTE200B,5,5,5,5,5
MUSIC240,8,8,5,9,5
NE115,8,5,5,5,3
PHIL221,3,8,7,9,9
PSYCH232,5,8,7,9,5
PSYCH354,5,8,5,5,9
PSYCH389,9,8,5,9,9
SE141,3,8,5,9,5
SYDE461,5,8,5,9,5
AFM425,9,3,5,5,9
ARBUS400,3,8,7,9,9
BIOL434,8,8,8,9,9
BME284L,5,5,5,5,5
CIVE127,5,5,5,5,5
CLAS105,9,8,5,9,9
CS484,9,8,5,9,9
DUTCH101,8,8,5,9,3
EASIA203R,9,7,7,9,9
ECE201,5,5,5,5,5
ECE406,9,8,5,5,9
ECE473,5,7,5,9,9
ECON100,5,5,5,5,9
ENGL190,8,8,5,9,3
ENGL295,9,8,8,9,9
ERS202,8,8,5,9,9
ERS210,3,8,7,9,3
GBDA210,8,8,7,9,3
GENE199,5,5,5,3,5
GEOG318,9,8,5,9,9
GEOG371,9,8,5,9,9
HLTH280,8,8,7,9,3
HRM303,8,8,5,9,3
LS229,9,8,5,9,9
ME456,9,7,5,9,9
ME597,9,7,5,9,9
MSCI251,8,5,5,5,3
MSCI332,8,8,5,5,5
MSCI333,8,7,7,9,3
NE307,5,5,7,5,5
NE330L,5,7,5,9,5
NE352,8,5,5,3,5
PLAN453,9,5,5,5,9
PMATH332,9,8,5,9,9
PMATH334,9,8,7,9,9
PSCI281,8,8,7,9,5
PSYCH354R,8,8,7,9,3
REC201,8,8,5,9,3
RS235,5,8,5,9,5
SOC202,9,8,5,9,9
STAT442,8,5,7,5,9
SYDE201,5,5,5,5,5
SYDE263,3,8,5,5,5
VCULT101,5,5,5,5,5
GEOG205,8,8,5,9,3
GSJ101,9,7,7,9,9
NE110,8,8,7,9,9
AFM431,5,5,5,5,5
AVIA204,5,3,5,5,9
BASE32,5,5,8,5,5
BIOL346,9,8,5,9,9
BIOL376,9,8,5,9,9
BIOL447,9,8,7,9,9
CHE314,9,5,5,5,9
CHEM100,5,8,5,9,5
CHEM333,8,8,5,9,3
CO367,9,8,5,9,9
CO372,9,8,5,5,9
COMM321,9,3,7,5,9
COOP6,5,7,5,5,5
CS335,9,8,5,9,9
CS430,8,8,7,9,3
CS490,8,8,7,5,5
ECE486,8,8,5,9,9
ENGL208A,3,8,7,5,3
ENVE115,9,8,5,9,9
ENVE275,9,5,5,5,9
GBDA205,5,5,5,5,5
HIST109,9,3,7,5,9
HIST223,5,8,5,9,5
INTEG251,8,8,7,9,3
ITAL102,3,8,8,5,9
JAPAN301R,8,8,7,5,3
LS271,5,8,5,9,5
LS283,9,8,5,9,9
ME548,9,8,7,9,9
MNS102,5,5,5,5,9
MSCI422,8,8,7,9,9
MTE482,5,5,5,5,5
MUSIC216,5,7,5,5,5
NE202,8,5,5,5,5
PHIL240,3,8,7,5,9
PHIL251,9,7,5,9,9
PHYS260L,9,8,5,9,9
PHYS380,9,8,5,9,9
PLAN350,5,5,5,5,5
PMATH370,8,8,7,9,3
PSCI110,8,7,5,9,5
PSCI257,9,8,7,9,9
PSCI260,5,8,5,9,5
PSYCH320,8,8,5,9,3
REC220,9,7,7,5,9
SPAN201A,5,5,7,5,5
STAT316,8,7,5,5,5
SYDE348,9,8,7,5,9
HEALTH100,9,8,8,9,9
AMATH331,8,5,5,5,3
AMATH373,3,8,5,9,9
BASE36,5,5,5,5,5
BIOL382,8,8,5,9,9
BIOL469,8,8,8,9,9
BME355,5,8,7,9,3
BME381,3,8,5,9,3
CHEM221,5,3,5,5,5
CHEM356,8,8,7,9,9
CIVE341,5,8,5,9,5
CO227,3,8,5,9,3
CO454,8,8,5,9,9
CO480,8,7,5,9,5
DRAMA101A,3,8,5,9,9
EARTH281,3,5,5,5,3
ECE445,3,7,5,9,9
ECON391,9,8,5,9,9
ENGL100A,8,7,7,9,3
ENGL210E,8,8,7,9,3
ERS275,8,8,7,9,3
GEOG368,5,5,5,5,5
HRM301,9,5,5,5,9
INDEV101,5,5,5,5,5
INDEV200,3,8,7,9,3
KIN312,3,8,5,9,9
KIN428,5,8,5,9,9
MATBUS471,8,5,5,5,5
ME599,8,8,8,9,3
NE101,5,5,5,5,5
NE320L,5,8,5,9,5
PHIL202,8,7,7,9,5
PHIL327,3,8,7,9,3
PHYS360A,8,5,5,5,5
PLAN262,9,8,7,5,9
PLAN340,8,5,7,5,3
PLAN362,3,5,5,5,3
PSCI244,9,8,7,9,9
PSYCH340,8,5,7,5,5
REC151,9,7,8,5,9
REC205,8,8,5,9,5
SMF211,8,8,7,9,3
SYDE202,5,5,5,5,5
WS102,3,8,7,9,3
BUS231W,9,7,5,9,9
MGMT171,8,8,5,9,5
HLTH217,9,8,5,9,9
AFM461,5,5,5,5,9
AMATH342,3,8,5,9,9
BASE34,5,5,5,5,5
BASE44,5,5,5,5,5
BET580,9,8,7,9,9
BIOL443,9,8,7,9,9
BME384,9,7,5,9,9
CHE361,9,5,5,5,9
CHE420,5,5,5,5,5
CHEM331,8,7,5,9,3
CIVE292,9,3,8,5,9
CIVE375,3,8,5,9,9
CS475,8,8,5,9,9
DAC201,3,8,7,5,3
ECE260,9,5,5,5,9
ECE405,9,8,7,9,9
ECE413,5,5,5,5,5
ECE481,9,8,5,9,9
ENGL210J,8,8,8,9,3
ENGL251,5,5,5,5,9
ERS283,5,5,5,5,5
FINE102,8,8,5,5,5
GBDA303,8,8,7,9,3
HLTH352,8,7,5,9,3
HLTH355,8,7,7,5,5
KIN301,8,8,8,9,9
ME200B,5,5,5,5,5
ME482,3,8,7,5,3
MSCI245,9,8,5,5,9
MSCI253,8,5,7,5,5
MSCI434,3,3,5,5,3
MSCI454,9,8,7,5,9
MSCI541,8,7,5,5,3
NE226L,5,5,5,5,5
PORT101,3,5,5,5,3
PSYCH307,5,7,5,9,9
PSYCH334R,3,8,5,9,3
SOC222,5,8,5,9,9
SPCOM228,8,8,7,9,3
STAT450,8,5,5,5,3
SYDE462,5,7,7,5,5
SYDE533,8,8,5,9,5
ECON260W,8,3,5,5,5
BUS354W,5,3,5,5,5
ECE457C,9,8,5,9,9
MTE321,8,5,5,5,3
COMMST225,8,5,7,5,5
AFM322,5,5,7,5,9
AFM492,5,7,7,5,5
ANTH241,9,8,7,9,9
BET340,8,5,7,5,5
BIOL335L,9,8,5,5,9
BME364,9,8,7,5,9
CHE313,9,5,5,5,9
CHE390,5,5,5,5,9
CIVE199,5,5,5,5,5
CO485,3,8,5,9,9
CS462,9,5,5,5,9
EARTH123L,5,7,5,5,5
EARTH223,9,8,5,5,9
EASIA204R,5,8,7,9,9
ECE403,8,3,5,5,3
ECE493,8,8,5,5,3
ECON321,5,5,5,5,9
ECON323,9,8,3,5,9
ENGL208C,8,8,7,9,3
ERS270,8,8,5,9,5
ERS317,3,8,5,9,9
GBDA301,9,8,7,5,9
GENE403,3,8,8,5,9
GEOG270,8,5,5,5,5
GEOG361,8,8,7,9,3
GEOG481,3,8,7,5,5
HIST236,9,8,5,5,9
HLTH273,5,8,5,9,9
HLTH301,5,8,7,9,5
HLTH360,5,7,5,5,5
HLTH410,9,7,5,9,9
INTEG320,5,5,5,5,5
LS280,3,5,5,5,3
ME435,5,8,5,9,9
MNS211,5,5,5,5,5
NE345,8,8,5,9,5
NE451,8,8,5,5,9
PHIL100,5,7,5,9,9
PHYS434,5,8,5,9,9
PLAN309,8,5,7,5,3
PMATH331,9,8,5,9,9
PSCI283,3,7,5,9,3
PSYCH306,9,8,7,9,9
PSYCH353,5,8,8,9,5
SCI237,8,8,5,9,3
SDS220R,8,3,5,5,3
SE402,5,5,5,5,5
SMF205,3,8,5,9,9
SOCWK300R,8,8,7,9,5
REC219,3,3,5,3,3
ACTSC363,3,7,5,9,3
BUS247W,5,5,5,5,5
MGMT220,8,8,7,5,3
MTE484,9,8,7,9,9
AFM462,9,5,5,5,9
AFM479,9,8,7,9,9
AMATH456,5,8,5,9,9
BIOL208,5,5,5,5,5
BIOL325,9,8,7,9,9
BIOL370,8,8,7,9,3
BME461,5,8,5,9,5
CHE331,3,5,5,5,3
CHE480,8,5,7,5,3
CHINA202R,3,7,5,5,9
CIVE240,3,7,5,9,3
CIVE491,9,8,8,9,9
CS431,9,5,5,5,9
CS436,9,7,5,9,9
DAC202,8,7,5,5,5
EARTH333,9,8,7,9,9
EARTH390,8,5,5,5,5
EASIA202R,5,5,5,3,5
ECE231,8,5,5,5,5
ECE400B,5,5,5,5,5
ECON241,9,7,5,9,9
ENGL108G,8,8,7,9,3
ENGL294,5,8,7,9,5
ENGL309C,5,5,5,5,5
ERS335,5,3,5,5,5
FR250,5,8,5,9,9
GBDA304,3,7,8,5,9
GEOG356,8,3,5,5,3
GERON201,9,5,7,5,9
HLTH173,3,8,7,9,3
HLTH346,5,5,5,5,5
HLTH350,8,8,7,5,3
HLTH373,5,7,5,9,5
INDEV202,5,7,5,9,5
ITALST265,8,7,7,9,5
KIN356,8,8,7,9,3
KIN470,5,8,5,5,5
KOREA201R,5,8,7,9,5
LS222,5,8,5,9,9
ME526,9,5,5,5,9
MSCI401,5,5,7,5,5
MUSIC271,5,7,5,5,9
PACS203,3,7,5,9,3
PLAN320,8,8,5,9,5
PMATH446,9,8,5,9,9
PSYCH317,5,3,5,5,5
PSYCH390,8,5,5,5,3
SCBUS423,9,3,7,5,9
SCI255,9,8,5,9,9
SOC280,8,8,5,5,3
SOC302,9,8,8,9,9
SPAN201B,8,5,5,5,3
PHYS160L,5,5,5,5,5
AFM424,5,5,7,5,5
AFM471,8,5,7,5,3
AFM472,5,5,5,5,5
AFM476,9,5,5,5,9
AMATH361,9,8,5,9,9
AMATH451,3,5,5,5,9
AVIA306,5,5,5,5,9
BIOL414,8,8,7,9,3
BIOL431,9,8,5,9,9
BIOL432,5,7,7,9,5
BIOL450,8,8,7,5,5
BIOL462,9,8,7,5,9
BME356L,3,5,5,5,3
BME386,5,7,5,5,5
BME411,5,5,5,5,5
CHE571,8,8,7,5,3
CIVE310,9,5,5,5,9
CIVE354,5,7,5,9,5
CO442,9,7,7,9,9
CS482,8,8,5,9,3
DAC204,8,8,7,5,5
EARTH444,8,5,5,5,5
ECE202,5,5,5,5,5
ECE325,5,8,5,9,5
ECE462,8,5,5,5,3
ECE475,9,8,5,5,9
ECON306,8,8,5,5,9
ENBUS308,8,8,5,5,5
ENGL100B,8,8,7,9,5
ERS300,8,8,5,9,9
ERS361,3,7,5,9,3
FINE204,8,7,5,5,5
GEOE153,8,3,5,5,5
GEOG215,5,7,5,9,5
GER201,8,7,5,9,5
HIST115,8,8,5,9,3
HIST226,8,7,5,5,3
HIST232,8,8,7,9,5
HLTH304,9,8,7,5,9
HLTH330,5,8,5,9,5
INTEG275,5,7,5,5,5
JAPAN302R,9,7,7,9,9
KIN405,5,5,5,5,5
KIN446,5,7,7,5,5
LS322,8,8,8,5,5
ME559,8,8,3,9,5
MSCI100B,5,5,5,5,5
MSCI445,5,5,5,5,5
MSCI452,5,5,5,5,5
MUSIC254,3,8,5,9,3
NE250,5,8,5,5,5
NE332,9,8,5,9,9
NE335,8,7,5,5,9
PHYS476,5,8,5,9,9
PMATH453,9,8,5,9,9
PSYCH356R,8,8,7,9,3
REC252,5,8,7,3,3
RS236,8,5,8,5,5
SI121R,9,5,5,5,9
SMF213,8,8,5,9,3
SOC224R,8,3,7,5,3
SOC322,8,7,5,9,3
SOC325,5,7,5,9,5
SOC327,8,8,5,9,3
SOCWK221R,5,3,8,5,9
SPCOM220,8,7,5,5,3
STV302,9,7,7,9,9
SYDE556,8,8,5,9,9
ECE495,9,8,7,9,9
AFM335,5,5,5,5,5
THPERF102,9,8,7,9,9
THPERF100,8,8,8,9,5
ECE313,9,8,5,9,9
ASL102R,8,5,7,5,9
MTE421,8,8,5,9,9
AFM323,8,8,5,9,9
AFM480,9,7,7,3,9
AVIA205,3,5,5,5,3
BET400,5,5,5,5,9
BIOL348L,8,8,5,9,3
BIOL479,9,5,5,5,9
BME102,5,5,5,5,5
BME362,3,7,5,9,9
CHE341,3,7,5,9,9
CHE425,8,5,5,5,3
CHE482,5,5,5,5,5
CHEM140L,5,5,5,5,5
CHEM335L,3,5,5,5,3
CIVE343,8,5,5,5,5
CIVE413,8,5,5,3,3
CLAS252,8,7,5,5,9
EARTH471,3,5,5,5,3
ECE301,5,5,5,5,5
ECE340,5,5,5,5,9
ECE414,3,5,5,5,3
ECE488,8,5,5,5,5
ECON332,8,7,5,9,5
ENGL108X,3,5,7,5,3
ENVE214,8,5,5,5,5
ERS253,8,7,7,9,5
ESL101R,5,5,5,5,5
FINE319,5,7,5,9,5
FR296,8,5,7,5,9
GBDA212,3,5,5,5,3
GEOG316,3,7,5,5,3
GEOG391,9,5,8,5,9
GER271,5,7,5,9,5
GERON255,9,8,5,9,9
HIST275,8,7,5,9,5
HLTH290,9,8,5,9,9
HUMSC101,5,5,7,5,5
ITALST291,8,8,7,9,3
JAPAN111R,3,8,7,5,5
JS233,8,8,7,9,5
KIN357,9,8,5,9,9
KIN415,3,8,5,9,3
LS325,8,8,7,9,3
LS351,3,5,5,5,3
MNS201L,5,5,5,5,5
MTE460,9,5,5,5,9
MTHEL300,8,5,7,5,5
NE454A,5,8,5,9,5
NE481,8,8,5,5,5
NE491,8,8,7,9,5
PHYS365,8,5,5,5,3
PHYS475,8,8,5,9,5
PLAN484,5,5,5,5,5
PSCI226,8,5,5,5,5
PSYCH361,3,8,5,9,3
PSYCH363,5,8,7,9,5
PSYCH395,8,8,8,9,5
REC251,3,3,8,5,9
REC371,8,3,5,5,9
RS170,5,7,5,5,5
RS180,9,5,5,5,9
SOC201,3,5,5,5,3
SOC223R,9,8,7,9,9
SPCOM227,5,5,5,5,5
STAT440,8,8,5,9,3
STV203,8,8,5,9,3
UNIV101,8,5,5,5,3
BUS481W,3,5,5,5,3
INDG201,5,5,7,5,5
HRTS101,3,7,5,9,9
CI100,5,5,5,5,5
KIN308,9,8,5,9,9
CS479,9,8,5,9,9
ME572,8,8,5,5,3
HEALTH150,8,3,7,5,3
AFM328,5,5,5,5,5
AFM415,5,5,5,5,5
AFM423,8,8,8,9,3
AFM477,5,5,7,5,5
AMATH343,8,8,5,9,5
AMATH391,8,8,5,9,3
ARBUS303,3,5,7,5,9
BIOL360,8,8,7,5,5
BIOL444,5,8,5,9,5
BIOL499A,5,8,5,9,5
CHE383,3,8,5,5,5
CHEM313L,9,7,5,9,9
CHEM464,8,8,5,5,9
CIVE414,8,5,5,5,3
CLAS230,8,7,5,5,3
CO471,9,5,5,9,9
CROAT101,9,3,5,5,9
CS448,9,8,5,9,9
CS497,5,8,5,9,5
DRAMA100,8,7,7,5,5
EARTH336,8,8,7,9,5
EARTH437,9,7,7,5,9
EASIA120R,9,8,7,5,9
ECE416,3,5,5,5,3
ECE417,9,3,5,5,9
ECE432,3,8,5,9,9
ECE444,3,5,5,5,5
ECE463,8,7,5,9,5
ECE474,3,5,5,5,3
ECON207,8,5,7,5,3
ECON372,8,8,5,5,9
ECON421,9,8,5,5,9
ENBUS211,8,7,7,5,3
ENGL201,5,7,5,9,5
ENGL275,8,8,7,5,3
ENGL293,5,8,7,9,5
ENGL494,8,5,7,5,9
ENVE335,3,7,5,5,9
ERS337,8,7,5,9,5
ERS346,5,7,5,9,9
ERS383,5,5,5,5,9
GEOG307,5,5,5,5,5
GER230,3,8,7,9,3
GERON245,9,8,8,9,9
GRK101,8,8,5,5,3
HIST230,5,8,5,9,5
HIST262,5,5,5,5,5
HIST268,5,7,5,9,9
HIST358,5,3,5,5,9
HLTH401,8,5,5,5,5
HLTH432A,5,5,5,5,5
INDEV212,8,7,7,5,3
INDEV300,5,5,5,5,5
KIN320,8,8,5,5,3
LS235,5,8,5,9,5
LS272,3,8,5,9,3
LS344,3,8,7,9,3
ME300B,5,5,5,5,5
MSCI551,3,7,7,5,3
MTE545,8,8,5,9,9
NE381,8,7,5,9,3
PACS315,8,8,7,9,5
PHARM129,9,5,5,5,9
PHIL324,5,8,5,5,9
PHYS454,3,8,5,9,9
PLAN440,5,7,5,5,5
PMATH320,5,8,5,9,5
PMATH441,8,5,5,5,5
PMATH451,9,5,5,9,9
PMATH465,3,8,5,9,3
PSCI250,8,8,5,9,9
PSCI264,3,5,5,5,3
PSCI387,3,8,7,9,3
PSYCH213R,8,8,8,5,5
PSYCH492,5,7,7,5,5
REC203,5,5,5,5,5
REC213,5,5,5,5,5
RS240,5,7,5,9,9
SCI267,5,5,5,5,5
SDS355R,8,5,5,5,5
SMF208,3,7,5,5,9
SMF310,8,5,7,5,9
SOC204R,5,7,7,9,5
SOC207R,8,8,7,9,3
SPCOM324,5,5,5,5,5
STAT322,5,5,5,5,5
SYDE332,3,7,5,9,3
SYDE401,5,5,5,5,5
SYDE475,8,5,5,5,5
WS202,3,5,5,5,3
BUS375W,5,5,5,5,3
ECON250W,8,5,5,5,5
SEQ2,5,7,5,5,5
BUS398W,5,3,5,5,9
SYDE572,9,8,5,5,9
AFM275,8,5,5,5,3
ARABIC101R,8,5,5,5,3
HIST101,8,7,5,9,5
AFM346,8,8,5,9,3
PHYS449,9,8,5,9,9
GSJ201,8,7,7,5,5
SFM101,8,5,5,5,5
MSE261,8,8,5,3,3
ACTSC462,5,8,5,9,5
ANTH272,3,7,7,5,3
APPLS304R,3,5,7,5,3
ARTS304,5,7,5,5,5
BET460,5,8,5,5,5
BIOL310,3,8,5,9,3
BIOL371,3,8,7,5,9
BIOL455,9,8,7,5,9
BIOL465,8,8,7,5,3
BIOL483,5,7,5,9,5
BIOL499B,5,5,5,5,5
BME201,5,5,5,5,5
BME356,5,7,5,9,5
CHEM228,5,5,5,5,3
CHEM313,5,7,7,5,5
CHEM363,8,8,7,9,3
CHEM430,8,8,5,9,3
CIVE400,9,5,7,5,9
CIVE507,8,8,5,9,5
CLAS205,3,8,5,9,3
CO430,9,7,7,9,9
CO450,9,5,5,5,9
CO466,9,7,5,9,9
CO481,9,8,5,9,9
CS467,9,8,5,9,9
ECE360,5,7,5,9,5
ECE373,9,8,5,9,9
ECE423,8,8,5,9,9
ECE606,8,5,5,5,5
ECON392,5,8,5,9,5
ECON423,5,7,5,9,5
ENBUS407,8,5,5,5,5
ENGL208E,5,8,5,9,5
ENGL315,9,5,5,5,9
ENVE121,5,8,5,5,5
ENVE330,5,7,5,9,9
ENVE375,8,8,5,5,9
ERS234,8,5,5,5,5
ERS400,8,8,5,5,3
FR303,5,3,5,5,9
GBDA211,5,5,7,5,5
GEOE353,5,8,5,9,5
GEOG487,8,8,5,9,5
GER202,5,5,5,5,5
HIST191,5,8,5,9,5
HIST207,8,7,5,9,3
HIST253,3,5,5,5,3
HIST258,8,5,5,5,5
HIST291,5,5,5,5,5
HLTH443,3,7,5,5,3
HRM307,8,8,5,5,9
INDEV302,3,5,7,5,3
INTEG340,5,8,5,9,5
ITALST292,3,8,5,9,3
KIN420,8,5,7,5,3
KIN471,3,8,5,9,5
LAT102,5,7,5,5,5
LS224,5,8,5,9,9
LS291,8,8,5,9,5
ME400A,5,5,5,5,5
ME436,8,7,5,5,3
ME533,9,5,5,5,9
ME555,3,5,5,5,5
ME564,9,8,5,9,9
ME595,3,7,5,9,3
MSCI200B,5,5,5,5,9
MSCI555,5,7,5,9,9
NE408,5,5,7,5,5
NE455A,5,7,5,5,9
PACS329,5,5,5,5,5
PHARM120,8,5,5,5,5
PHARM126,8,5,5,5,9
PHIL250A,8,8,5,9,5
PHYS233,5,8,7,9,9
PHYS360B,5,5,5,5,5
PHYS395,9,8,5,9,9
PHYS442,5,7,5,9,5
PHYS474,3,5,5,5,3
PLAN474,5,5,5,5,5
PMATH467,5,7,8,9,9
PSYCH226R,5,8,5,5,5
PSYCH312R,8,5,5,5,5
REC311,5,7,7,5,5
REC356,9,8,7,9,9
REC373,9,3,5,5,9
REC405,3,8,7,5,3
RS112,8,7,5,9,5
RS204,3,5,5,5,3
SDS242R,5,7,5,5,5
SDS312R,8,5,5,5,5
SMF307,3,5,5,5,3
SOC200,5,7,5,9,5
SOC232,5,5,5,5,5
STAT436,5,7,5,9,5
SYDE322,8,8,5,5,9
WKRPT200S,5,5,5,5,5
GEOG305,8,8,5,9,5
HLTH480,5,5,5,5,5
GSJ203,8,5,7,5,5
CFM301,9,8,5,9,9
HLTH335,5,5,5,5,5
ARTS450,3,8,5,5,3
AFM203,5,8,5,5,5
AFM474,5,7,5,9,5
AMATH390,8,8,7,9,3
ANTH106,5,8,7,9,5
ANTH355,3,8,5,9,3
ARTS122,3,7,7,5,9
BIOL349,5,7,5,5,5
BIOL433,9,8,5,9,9
BIOL441,8,7,7,9,5
BIOL442,3,5,5,5,3
BIOL484,9,8,5,9,9
BME184L,5,7,5,9,9
BME283,5,5,5,5,5
CHEM217,5,5,5,5,5
CHEM228L,5,5,5,5,5
CHEM233L,8,8,5,9,3
CHEM323,3,7,5,5,3
CHEM404,5,7,5,9,5
CHEM433,5,5,5,5,5
CLAS123,9,8,7,9,9
CLAS231,5,7,5,9,9
CLAS261,5,5,5,5,5
CO434,5,5,5,5,5
CO444,5,8,5,9,5
CO463,9,8,5,5,9
COMM103,5,7,5,9,5
COMM433,8,5,5,5,5
DRAMA243,5,5,5,5,5
EARTH331,8,7,7,5,5
EARTH438,9,8,5,5,9
EARTH456,5,5,5,5,5
EASIA336R,8,8,7,9,3
ECE223,5,5,5,5,5
ECE409,8,7,5,5,5
ECE492A,5,5,5,5,5
ECON255,8,5,5,5,5
ECON406,5,8,5,9,9
ENGL108E,5,5,5,5,5
ENGL108T,5,8,5,5,5
ENGL210H,8,7,5,5,5
ENGL308,8,8,7,9,5
ENGL332,9,7,5,5,9
ENGL392B,8,8,5,9,5
ENVE321,8,5,5,5,3
ENVE382,5,5,5,5,3
ENVE391,5,5,5,5,5
ENVE400,5,7,5,5,9
ERS316,8,3,5,5,5
FINE229,5,8,5,5,5
FR255,9,3,7,5,9
FR291,5,5,5,5,5
FR353,3,8,5,5,3
GBDA310,8,7,5,5,5
GEOE354,9,8,5,5,9
GEOG308,8,7,5,9,3
GEOG405,5,5,5,5,9
GEOG471,5,5,7,5,9
HIST103,8,8,7,9,9
HIST106,5,5,5,5,5
HIST216,3,7,5,9,3
HIST243,5,5,5,5,5
HIST247,8,8,5,9,3
HIST250,3,8,5,9,3
HIST254,8,7,7,5,5
HIST269,8,5,7,5,5
HIST369,5,5,5,5,5
HLTH471,8,8,5,9,5
INDEV387,5,5,5,5,5
INTEG375,5,8,5,5,5
KIN402,3,8,5,9,9
KIN403,9,7,8,5,9
KIN414,5,5,8,5,5
KIN418,9,7,7,5,9
LAT201,5,5,5,5,9
LS201,5,7,5,9,9
LS236,3,7,5,9,3
LS286,5,7,5,5,5
ME400B,5,5,5,5,5
ME401,3,5,5,5,3
MSCI300B,5,5,5,5,5
MUSIC217,5,5,5,5,5
MUSIC245,5,5,5,5,5
MUSIC255,3,5,5,5,3
MUSIC316,5,5,5,5,5
NE302,5,5,5,5,5
NE455C,5,8,5,5,9
PACS302,8,7,7,9,5
PACS323,5,5,7,5,5
PHARM110,3,5,5,5,3
PHARM124,3,3,5,5,3
PHARM127,5,5,5,5,9
PHIL200J,5,8,5,9,9
PHIL207J,8,5,7,5,3
PHIL284,5,7,5,9,5
PHIL315,5,8,5,5,5
PHIL384,5,8,5,9,5
PHYS383,8,3,5,5,9
PHYS396,8,8,5,5,5
PHYS460A,5,5,5,5,5
PHYS467,8,5,5,5,5
PSCI299,3,5,5,5,3
PSYCH257R,5,8,5,9,5
PSYCH318,5,5,5,5,5
PSYCH330,5,8,7,5,5
PSYCH357,3,5,5,5,3
PSYCH372,8,7,5,9,5
PSYCH398,5,5,7,5,5
PSYCH420,3,5,5,5,3
PSYCH470,5,5,5,5,5
REC105,3,7,5,9,3
REC372,8,5,5,5,3
REC383,5,5,5,5,5
REES272,8,8,7,5,3
RS123,8,8,5,5,5
RS280,3,7,5,9,3
RUSS102,5,5,5,5,5
SDS311R,5,5,5,5,5
SDS350R,8,5,7,5,9
SDS400R,8,7,8,9,5
SE499,5,8,5,5,5
SI131R,3,7,7,9,5
SOC207,5,7,5,9,5
SOC210,8,7,5,9,3
SOC221,3,5,5,5,3
SPAN301A,5,5,5,5,5
SPAN301B,5,8,5,5,5
SPCOM325,3,5,5,5,3
SPCOM401,5,7,5,9,5
SYDE334,8,7,5,9,9
SYDE384,5,5,5,5,9
SYDE433,8,8,5,9,9
AVIA417,8,5,5,5,3
AFM345,8,8,8,9,9
ECON424,8,5,5,5,3
BIOL251,9,8,5,9,9
AFM444,3,7,8,9,3
AMATH453,9,8,5,9,9
AMATH475,5,8,5,9,9
AMATH740,9,5,5,5,9
ANTH233,8,5,7,5,5
ARTS490,8,7,5,9,9
BIOL458,9,5,7,5,9
BIOL472,8,8,5,9,5
BIOL475,8,8,7,5,3
BME401,5,5,5,5,5
CHEM381,8,7,5,5,3
COMM421,8,7,5,9,3
CS398,8,8,5,9,5
DRAMA101B,3,5,7,5,3
DUTCH102,3,5,5,5,3
EARTH461,8,8,5,9,5
ECE451,3,5,5,5,3
ECE477,3,5,5,5,3
ECE492B,3,7,5,5,5
ECE750,8,5,7,5,5
ECON351,8,8,5,9,5
ECON483,8,8,5,5,5
ENBUS311,3,5,7,5,3
ENBUS410,8,7,5,5,5
ENGL208H,5,5,5,5,5
ENGL210I,5,5,5,5,5
ENGL346R,5,8,5,9,5
ENGL362,8,5,5,5,5
ENVE225,9,5,5,5,9
ENVE292,5,8,5,9,5
FR292,8,5,5,5,5
FR300A,5,5,5,5,5
FR473,5,7,5,5,5
GBDA229,8,7,5,9,5
GBDA401,5,7,7,5,5
GENE167,5,3,5,5,5
GENE404,5,7,7,5,5
GEOG300,3,5,5,5,3
GEOG333,5,7,7,5,5
GEOG394,5,8,5,9,3
GEOG404,5,7,5,9,5
GERON218,5,8,5,9,9
HIST212,3,7,5,9,3
HIST235,8,5,5,5,3
HIST256,8,8,7,9,3
HIST257,8,5,7,5,5
HIST260,5,8,5,5,3
HLTH421,3,5,7,5,3
HUMSC102,5,5,5,5,5
INTEG440,5,7,5,5,5
JAPAN272R,5,7,5,9,5
KIN391,5,7,5,5,5
KIN425,5,7,5,5,5
KIN431,5,5,5,5,9
KOREA272R,5,5,5,5,5
LAT202,5,5,5,5,5
LS319,3,8,7,9,3
LS327,5,5,5,5,5
LS330,8,8,7,9,5
LS342,9,8,7,5,9
LS402,8,8,8,9,5
LS403,8,5,5,5,5
LS496,5,5,5,5,5
MNS321,5,5,5,5,9
MSCI400A,5,5,5,5,5
MSCI543,5,5,5,5,5
MUSIC260,5,5,5,5,5
MUSIC370,5,7,5,5,5
NE454B,5,7,5,9,5
PHIL200A,5,7,5,9,5
PHIL255,8,5,7,5,5
PHIL319J,8,8,8,9,5
PHYS393,8,8,5,9,9
PHYS468,9,7,5,5,9
PMATH367,8,7,5,5,5
PMATH432,5,3,5,5,5
PSCI255,8,5,7,5,9
PSCI359,8,8,5,9,5
PSYCH350,5,5,5,5,9
PSYCH352,8,5,5,5,5
PSYCH392,5,8,5,5,5
REC218,3,7,7,5,9
REC334,8,5,5,5,5
REC351,5,5,5,5,9
REC361,5,5,7,5,5
REC380,8,5,7,5,5
REES271,5,7,5,5,5
RS152,8,5,5,5,5
RS266,8,7,5,5,3
RS353,8,7,5,5,3
SDS353R,5,5,5,5,9
SI102R,5,5,5,5,5
SMF306,3,8,7,5,3
SOC120R,8,7,7,9,5
SOC205,5,7,5,5,5
SOC352,5,5,5,5,5
SOC355J,5,8,5,9,9
SOC383,8,5,5,5,5
SOC417,8,8,7,9,3
SOCWK365R,5,5,7,5,5
SPCOM431,8,7,7,9,3
STAT454,3,8,5,5,9
SYDE402,5,5,5,5,5
SYDE544,5,5,5,5,5
SYDE552,5,7,5,9,5
WS206,5,5,5,5,5
WS207,3,7,5,9,3
HLTH427,3,8,7,5,3
BUS473W,5,5,5,5,5
SYDE548,5,8,5,5,5
SYDE584,5,7,5,9,5
PHIL321J,8,5,5,5,3
CHE225,3,3,5,5,3
RS228,5,5,5,5,5
MTHEL206,5,5,5,5,5
GSJ222,8,5,7,5,5
GSJ371,8,8,7,5,5
HLTH358,8,8,7,9,3
BME588,8,5,5,5,5
HLTH392,5,5,5,5,9
GSJ260,5,7,5,9,5
EARTH355,8,7,5,5,3
BET360,8,8,7,9,3
ME574,5,7,5,9,5
SCI266,5,5,5,5,9
CS453,8,5,5,5,3
MTE182,5,5,5,5,5
ACC611,5,5,5,5,5
ACC690,5,8,5,9,5
ACTSC433,3,5,5,5,3
AFM416,5,7,5,9,5
AFM473,8,5,7,5,5
AFM501,5,5,5,5,9
AFM502,5,5,5,3,5
AFM503,5,5,5,5,5
AMATH383,8,7,5,5,5
AMATH463,9,8,5,9,9
AMATH731,8,5,5,5,9
AMATH741,5,5,5,5,3
ANTH321,3,7,5,9,3
ANTH365,3,7,7,9,9
ARCH260,9,5,5,5,9
ARCH272,5,7,5,9,5
AVIA270,8,8,5,9,5
BIOL364,5,7,5,5,5
BIOL366,3,5,5,5,3
BIOL457,5,5,5,5,9
BIOL476,5,5,7,5,9
BIOL477L,5,7,5,5,5
BME353L,5,7,5,9,5
CHE572,9,8,5,9,9
CHEM494A,3,7,5,5,3
CHINA302R,8,8,5,5,5
CIVE306,5,5,5,5,5
CIVE497,9,7,5,5,9
CIVE505,3,5,5,5,3
CLAS242,5,8,5,5,9
CLAS327,8,7,5,9,5
CMW201,5,5,5,5,5
CO327,5,7,5,9,3
CO739,8,7,5,9,9
CO749,5,5,5,5,5
COMM431,5,7,5,5,5
CROAT102,9,3,5,5,9
CS860,9,5,5,5,9
DAC302,5,7,7,5,5
DAC305,5,5,5,5,5
EARTH322,8,8,7,9,5
EARTH459,9,5,5,5,9
EASIA275R,8,5,5,5,5
ECE100,5,5,5,5,5
ECE104,5,5,5,5,5
ECE354,5,7,5,5,5
ECE404,8,5,5,5,5
ECE428,5,5,5,5,5
ECE456,5,5,5,5,5
ECE636,5,5,5,5,5
ECE686,8,8,5,9,5
ECON256,5,5,5,5,5
ECON311,5,5,5,5,9
ECON408,8,5,5,5,5
ECON443,5,5,5,5,5
ECON451,5,5,5,5,5
ECON484,5,8,5,9,5
EMLS104R,3,5,5,5,3
ENGL208G,8,8,5,5,3
ENGL304,5,8,5,5,5
ENGL306G,5,5,5,5,5
ENGL320,3,8,8,9,3
ENGL363,3,5,5,5,9
ENVE573,8,8,5,5,5
ENVE577,8,5,5,5,3
ERS265,5,7,5,9,9
ERS318,5,5,5,5,5
ERS320,8,7,5,9,5
ERS365,5,8,7,5,5
ERS484,9,5,7,5,9
FINE222,8,7,5,5,9
FINE228,5,7,5,9,9
FR424,5,3,5,5,5
FR452,5,5,5,5,5
GENE397,5,5,5,5,9
GENE499,5,8,7,9,5
GEOG323,5,5,5,5,5
GEOG411,5,5,5,5,9
GEOG420,8,8,5,9,9
GER211,5,8,7,5,5
HIST209,8,5,7,5,3
HIST210,5,7,5,9,3
HIST225,5,7,5,9,5
HIST389,8,8,7,9,5
HIST391,8,8,5,9,5
HLTH218,5,8,5,9,5
INTEG210,8,5,7,5,3
ISS150R,5,3,5,5,5
ITAL201,3,5,5,5,5
KIN307,8,8,5,5,5
KIN342,8,5,7,5,5
KIN453,8,5,7,5,5
KOREA202R,8,8,7,3,5
KOREA301R,3,8,5,5,3
LS273,5,7,5,9,5
LS328,8,7,5,9,5
ME215,3,7,5,9,3
ME452,5,8,5,5,5
ME524,8,5,5,5,5
ME557,3,5,5,5,3
ME563,8,7,7,5,5
MEDVL115,8,5,7,5,5
MSCI421,3,5,5,5,3
MSCI433,3,8,5,5,9
MSCI491,3,5,7,5,3
MTE546,5,5,5,5,9
MTE598,8,8,5,9,9
MUSIC222,5,5,5,5,5
MUSIC232,5,5,5,5,5
MUSIC390,5,7,5,5,5
NE409,5,5,7,5,5
NE452,8,8,5,5,5
PACS325,5,7,5,5,5
PHIL209,5,7,5,9,5
PHIL210J,8,5,5,5,5
PHIL252,5,3,5,5,5
PHIL283,5,5,5,5,5
PHIL363,5,5,7,5,5
PHIL371,8,5,5,5,5
PHYS246,5,5,5,5,5
PHYS437A,5,7,5,5,5
PHYS444,8,5,5,5,5
PHYS461,8,5,5,5,9
PMATH440,8,8,5,9,5
PORT102,5,5,5,5,5
PSCI355,5,8,5,9,5
PSYCH236,5,5,5,5,5
PSYCH308,3,3,5,5,9
PSYCH314,3,8,5,9,3
PSYCH323R,5,7,5,9,5
PSYCH335,8,8,7,9,5
PSYCH342,5,5,5,5,5
PSYCH355,5,8,5,9,5
PSYCH447,5,7,7,9,5
PSYCH457,9,8,7,9,9
PSYCH464,5,5,5,5,5
REC253,8,5,5,5,5
REC362,8,5,5,5,5
REC480,8,5,7,5,5
REES260,5,8,7,9,5
RS101,5,7,5,5,9
RS210,8,5,5,5,5
RS216,5,5,5,5,9
RS255,5,5,7,5,5
RS270R,5,7,5,9,5
RS357,5,5,5,5,5
SCI395,5,5,3,5,5
SDS231R,8,8,5,9,5
SDS240R,8,7,5,5,5
SDS354R,5,5,7,5,5
SDS367R,8,8,5,9,3
SDS440R,3,5,5,5,3
SDS441R,3,7,5,5,9
SDS450R,5,5,5,5,5
SDS496R,5,5,5,5,5
SI231R,5,7,7,5,9
SOC240,5,5,5,5,5
SOC253,3,5,5,5,3
SOC334,3,5,5,5,3
SPAN228,9,5,5,5,9
SPCOM102,8,7,7,9,5
SPCOM432,8,7,7,5,5
STAT437,8,5,5,5,5
STV306,5,5,5,5,5
SYDE302,5,7,5,5,5
BIOL451,8,8,7,5,3
AVIA416,5,5,7,5,5
SYDE532,9,8,5,9,9
CHINA401R,5,5,5,5,5
NE488,8,7,5,5,3
SPCOM201,3,8,7,5,3
PHIL262J,3,5,5,5,5
NE487,8,8,5,5,5
PLAN211,5,7,7,5,5
SCI252,5,3,7,5,5
MOHAWK101R,9,8,5,9,9
AE377,3,5,5,5,3
NE486,8,8,5,9,5
THPERF243,5,7,5,5,5
RS270,8,8,7,9,5
ENBUS304,8,7,7,5,3
CO431,5,8,5,5,9
HLTH455,3,5,5,5,3
KIN360,5,5,5,5,5
SFM102,9,5,5,5,9
ENGL200C,3,8,5,5,3
COMMST101,8,7,7,9,5
CO432,5,5,5,5,9
MTE252,9,8,5,9,9
ACC606,8,5,5,5,5
ACC610,8,5,7,5,3
ACC623,9,8,5,9,9
ACC650,5,5,5,5,9
ACC680,8,5,5,5,9
ACC685,9,5,5,5,9
ACINTY610,5,5,5,5,5
ACINTY640,5,5,5,5,5
AMATH477,3,5,5,5,5
ANTH300,8,5,5,5,5
ANTH303,8,7,7,9,5
ANTH305,5,5,5,5,5
ANTH320,8,8,5,9,3
ANTH348,3,7,5,9,3
ANTH377,5,5,5,5,5
ANTH389,5,5,5,5,5
ARCH293,5,7,5,5,5
ARTS290,5,5,7,5,5
ARTS366,5,5,5,5,5
BET450,9,5,5,5,9
BIOL321,5,7,5,5,5
BIOL323,5,8,5,9,5
BIOL452,8,8,8,5,5
BIOL456,5,5,5,5,5
BIOL489,8,7,5,9,3
CHE514,8,8,5,9,5
CHEM239,8,5,5,5,3
CHEM339,8,7,5,9,5
CHINA272R,3,5,5,5,3
CHINA301R,5,5,5,5,9
CIVE401,3,7,5,5,3
CIVE415,9,5,5,5,9
CLAS210,3,8,5,5,3
CLAS241,9,5,5,5,9
CLAS486,3,7,5,9,3
CMW202,5,5,5,5,5
COGSCI600,3,5,7,5,3
CS487,8,8,5,9,3
CS761,5,7,5,5,5
CS763,5,8,5,9,5
DRAMA221,5,5,5,5,5
EASIA205R,5,5,5,5,5
EASIA220R,8,5,5,5,5
EASIA277R,5,7,7,9,5
EASIA302R,8,5,5,5,3
ECE433,5,5,5,5,5
ECE610,5,5,5,5,5
ECE630,5,5,5,5,5
ECE642,5,7,5,5,9
ECE654,5,5,5,5,5
ECE682,5,5,5,5,5
ECE730,5,7,5,5,5
ECE760,8,7,5,9,5
ECON341,5,5,5,5,5
ECON366,3,8,5,9,9
ECON491,5,5,5,5,5
ENBUS375,8,5,7,5,3
ENGL108B,5,8,5,5,5
ENGL408A,8,5,5,5,3
ENGL408B,9,7,5,9,9
ENGL409A,5,5,7,5,5
ENVE430,5,5,7,5,5
ENVE583,3,5,5,5,3
ENVS433,5,7,5,5,5
ERS225,5,7,5,5,5
ERS294,5,7,7,9,5
ERS401,8,7,5,9,5
ERS402,3,7,5,5,5
ERS431,5,7,5,5,9
FINE212,5,8,5,5,5
FINE243,5,5,5,5,5
FR471,9,7,7,9,9
GEOE224,8,5,5,5,5
GEOE280,8,5,5,5,5
GEOG409,5,5,5,5,5
GEOG483,8,8,5,9,5
GER303,5,5,5,5,5
GER334,5,8,7,9,5
GRK201,5,5,5,5,5
HIST203,8,5,5,5,5
HIST227,5,5,5,5,5
HIST359,9,8,5,9,9
JS130,9,5,5,5,9
JS203,3,5,5,5,3
JS215,8,5,5,5,5
KIN326,8,5,5,5,5
KIN432,5,8,5,5,5
KIN433,5,5,5,5,5
KIN472,5,5,5,5,5
LS237,8,5,7,5,5
LS306,8,7,5,5,5
LS326,8,8,7,5,9
LS428,8,8,5,9,5
ME562,3,7,5,5,5
ME571,5,8,5,9,5
ME760,5,5,5,5,5
MSCI435,3,5,5,5,3
MSCI603,3,8,5,9,3
MSCI605,8,5,5,5,5
MSCI609,9,5,5,5,9
MUSIC261,8,7,5,9,5
MUSIC363,5,7,7,5,5
NE499,9,7,7,5,9
PACS313,8,5,5,5,3
PACS332,5,7,5,9,5
PHARM353,5,5,5,5,5
PHIL204J,5,7,5,9,5
PHIL206,5,7,7,9,5
PHIL320,5,5,5,5,5
PHIL331,5,8,5,5,5
PHIL402,5,5,5,5,5
PHIL407,5,5,5,5,5
PHIL420,5,5,5,5,5
PHYS483,5,7,5,5,9
PHYS701,5,5,5,5,5
PHYS785,5,7,5,5,5
PLAN351,5,5,5,5,5
PMATH464,5,5,5,5,9
PMATH753,8,5,5,5,5
PSCI254,3,5,7,5,3
PSCI334,3,5,5,3,3
PSCI402,5,5,5,5,5
PSYCH120R,3,5,5,5,3
PSYCH453,5,8,7,5,5
RS213,5,7,5,9,9
RS220,5,7,5,5,9
RS232,5,5,5,5,5
RS250,5,8,5,9,5
RS251,5,8,5,5,5
RS283,5,8,5,9,5
RS342,5,5,5,5,5
SDS358R,3,5,5,5,3
SI250R,8,5,5,5,5
SI251R,5,5,5,5,5
SMF212,8,3,5,5,5
SMF305,5,7,7,9,5
SMF308,5,5,5,5,9
SMF311,5,8,5,5,5
SOC261,3,7,5,9,3
SOC304,8,7,5,9,3
SOC326,5,7,5,9,5
SOC418,8,8,7,9,5
SOC431,5,5,7,5,9
SPAN218,3,3,5,5,3
SPAN290,9,8,5,9,9
STAT435,8,5,5,5,5
STAT438,8,5,5,5,3
STAT631,5,5,5,5,9
SWREN300R,8,5,5,9,5
SWREN414R,8,7,5,5,5
SWREN422R,8,7,7,5,5
SWREN423R,5,5,7,5,5
SYDE673,8,8,5,9,5
SYDE780,8,5,5,5,5
SVENT225P,3,5,5,5,3
SVENT325P,8,5,3,5,3
BUS491W,5,5,5,5,5
BUS461AW,5,5,5,5,5
SDS410R,5,7,5,9,5
PHYS349,5,5,5,5,5
GER330,5,7,5,5,5
GSJ410,5,7,5,5,9
HIST322,5,5,5,5,5
GSJ472,5,5,7,5,5
SOC436,8,7,7,9,5
AE300,5,8,5,5,5
THPERF149,5,7,7,5,5
GSJ380,8,5,7,5,5
THPERF220,3,3,5,5,3
ENVS210,8,8,7,9,5
KIN455,8,8,5,9,5
SPAN317,5,7,5,5,5
BLKST101,5,7,5,5,5
GEOG357,5,7,5,5,5
ENGL225,5,7,5,5,5
BIOL220,3,5,5,5,3
COMMST490,8,7,5,5,5
CHINA180R,5,5,5,5,5
COMMST434,3,8,7,5,3
GEOG457,9,8,5,9,9
BME530,5,5,5,5,5
COMMST435,5,5,5,5,5
LS350,5,8,5,5,3
COMMST475,3,8,7,5,9
AMATH445,5,8,5,5,5
MSE442,5,7,7,5,5
MSE251,8,7,5,5,5
MSE240,8,5,5,5,5
SYDE577,9,8,7,5,9
PSYCH352R,3,7,5,5,3
MSE311,5,5,5,5,9
MSE271,8,5,5,5,5
AFM417,5,5,5,5,5
ECON472,5,7,5,9,5
